ts	phase	decision	why	evidence	result
2026-08-01T00:55:00Z	frame	set the done predicate to wired existing functionality plus Unity compile and EditMode tests	the request is broad, so the check needs to be observable and bounded	/poteto-mode task prompt	open
2026-08-01T00:56:00Z	frame	created cursor/hook-up-orphaned-functionality-823b and left existing binary asset changes untouched	the working tree already had unrelated asset modifications before my edits	git status --short --branch	branch ready
2026-08-01T01:02:00Z	design	added tools/analyze_unity_wiring.py and ran it against scenes and prefabs	a GUID-based inventory is safer than guessing which MonoBehaviours are scene-wired	/tmp/math_runner_wiring.json	found unwired managers and many runtime-bootstrapped scripts
2026-08-01T01:05:00Z	design	skipped architect arena for the first wiring unit	the changes are existing lifecycle calls and startup singletons, not a new module boundary	Assets/Scripts/Core/GameBootstrap.cs	open
2026-08-01T01:15:00Z	wiring	bootstrapped leaderboard, online leaderboard, theme, and localization managers	these managers had singleton code but no scene or startup owner	Assets/Scripts/Core/GameBootstrap.cs	implemented
2026-08-01T01:18:00Z	wiring	connected run-end score submission to the leaderboard path	run-end already has the mode and score and runs once per game	Assets/Scripts/Core/RunEndPipeline.cs	implemented with tests
2026-08-01T01:22:00Z	wiring	applied active challenge settings before scene load and seed before question preload	the code already stored challenge params, but no caller used them	Assets/Scripts/Core/GameSession.cs, Assets/Scripts/Questions/QuestionGeneration.cs	implemented with tests
2026-08-01T01:30:00Z	wiring	fixed bootstrapped scene-timing gaps for obstacles, HUD score hiding, and floor variety	bootstrap-created objects can start before additive gameplay objects exist	Assets/Scripts/GameManagement/ObstacleSpawner.cs, Assets/Scripts/UI/InGameHUD.cs, Assets/Scripts/GameManagement/LevelGenerator.cs	implemented
2026-08-01T01:36:00Z	verify	tried the documented Unity EditMode test command	the expected editor path is missing in this container	/home/ubuntu/Unity/Hub/Editor/6000.5.5f1/Editor/Unity	NOT VERIFIED
2026-08-01T01:39:00Z	verify	ran available local checks	no Unity, dotnet, csc, mcs, csproj, or sln exists here; only script and diff checks can run	python3 -m py_compile tools/analyze_unity_wiring.py; git diff --check	passed
